[
  {
    "id": 1,
    "title": "Mobiles Article 1",
    "description": "Short description of mobiles article 1.",
    "content": "Full content of mobiles article 1.",
    "image": "https://source.unsplash.com/600x400/?mobiles,1",
    "category": "mobiles",
    "featured": true,
    "trending": false
  },
  {
    "id": 2,
    "title": "Mobiles Article 2",
    "description": "Short description of mobiles article 2.",
    "content": "Full content of mobiles article 2.",
    "image": "https://source.unsplash.com/600x400/?mobiles,2",
    "category": "mobiles",
    "featured": false,
    "trending": true
  },
  {
    "id": 3,
    "title": "Mobiles Article 3",
    "description": "Short description of mobiles article 3.",
    "content": "Full content of mobiles article 3.",
    "image": "https://source.unsplash.com/600x400/?mobiles,3",
    "category": "mobiles",
    "featured": false,
    "trending": false
  },
  {
    "id": 4,
    "title": "Mobiles Article 4",
    "description": "Short description of mobiles article 4.",
    "content": "Full content of mobiles article 4.",
    "image": "https://source.unsplash.com/600x400/?mobiles,4",
    "category": "mobiles",
    "featured": false,
    "trending": true
  },
  {
    "id": 5,
    "title": "Mobiles Article 5",
    "description": "Short description of mobiles article 5.",
    "content": "Full content of mobiles article 5.",
    "image": "https://source.unsplash.com/600x400/?mobiles,5",
    "category": "mobiles",
    "featured": false,
    "trending": false
  },
  {
    "id": 6,
    "title": "Mobiles Article 6",
    "description": "Short description of mobiles article 6.",
    "content": "Full content of mobiles article 6.",
    "image": "https://source.unsplash.com/600x400/?mobiles,6",
    "category": "mobiles",
    "featured": false,
    "trending": true
  },
  {
    "id": 7,
    "title": "Mobiles Article 7",
    "description": "Short description of mobiles article 7.",
    "content": "Full content of mobiles article 7.",
    "image": "https://source.unsplash.com/600x400/?mobiles,7",
    "category": "mobiles",
    "featured": false,
    "trending": false
  },
  {
    "id": 8,
    "title": "Mobiles Article 8",
    "description": "Short description of mobiles article 8.",
    "content": "Full content of mobiles article 8.",
    "image": "https://source.unsplash.com/600x400/?mobiles,8",
    "category": "mobiles",
    "featured": false,
    "trending": true
  },
  {
    "id": 9,
    "title": "Mobiles Article 9",
    "description": "Short description of mobiles article 9.",
    "content": "Full content of mobiles article 9.",
    "image": "https://source.unsplash.com/600x400/?mobiles,9",
    "category": "mobiles",
    "featured": false,
    "trending": false
  },
  {
    "id": 10,
    "title": "Mobiles Article 10",
    "description": "Short description of mobiles article 10.",
    "content": "Full content of mobiles article 10.",
    "image": "https://source.unsplash.com/600x400/?mobiles,10",
    "category": "mobiles",
    "featured": false,
    "trending": true
  },
  {
    "id": 11,
    "title": "Laptops Article 1",
    "description": "Short description of laptops article 1.",
    "content": "Full content of laptops article 1.",
    "image": "https://source.unsplash.com/600x400/?laptops,1",
    "category": "laptops",
    "featured": false,
    "trending": false
  },
  {
    "id": 12,
    "title": "Laptops Article 2",
    "description": "Short description of laptops article 2.",
    "content": "Full content of laptops article 2.",
    "image": "https://source.unsplash.com/600x400/?laptops,2",
    "category": "laptops",
    "featured": false,
    "trending": true
  },
  {
    "id": 13,
    "title": "Laptops Article 3",
    "description": "Short description of laptops article 3.",
    "content": "Full content of laptops article 3.",
    "image": "https://source.unsplash.com/600x400/?laptops,3",
    "category": "laptops",
    "featured": false,
    "trending": false
  },
  {
    "id": 14,
    "title": "Laptops Article 4",
    "description": "Short description of laptops article 4.",
    "content": "Full content of laptops article 4.",
    "image": "https://source.unsplash.com/600x400/?laptops,4",
    "category": "laptops",
    "featured": false,
    "trending": true
  },
  {
    "id": 15,
    "title": "Laptops Article 5",
    "description": "Short description of laptops article 5.",
    "content": "Full content of laptops article 5.",
    "image": "https://source.unsplash.com/600x400/?laptops,5",
    "category": "laptops",
    "featured": false,
    "trending": false
  },
  {
    "id": 16,
    "title": "Laptops Article 6",
    "description": "Short description of laptops article 6.",
    "content": "Full content of laptops article 6.",
    "image": "https://source.unsplash.com/600x400/?laptops,6",
    "category": "laptops",
    "featured": false,
    "trending": true
  },
  {
    "id": 17,
    "title": "Laptops Article 7",
    "description": "Short description of laptops article 7.",
    "content": "Full content of laptops article 7.",
    "image": "https://source.unsplash.com/600x400/?laptops,7",
    "category": "laptops",
    "featured": false,
    "trending": false
  },
  {
    "id": 18,
    "title": "Laptops Article 8",
    "description": "Short description of laptops article 8.",
    "content": "Full content of laptops article 8.",
    "image": "https://source.unsplash.com/600x400/?laptops,8",
    "category": "laptops",
    "featured": false,
    "trending": true
  },
  {
    "id": 19,
    "title": "Laptops Article 9",
    "description": "Short description of laptops article 9.",
    "content": "Full content of laptops article 9.",
    "image": "https://source.unsplash.com/600x400/?laptops,9",
    "category": "laptops",
    "featured": false,
    "trending": false
  },
  {
    "id": 20,
    "title": "Laptops Article 10",
    "description": "Short description of laptops article 10.",
    "content": "Full content of laptops article 10.",
    "image": "https://source.unsplash.com/600x400/?laptops,10",
    "category": "laptops",
    "featured": false,
    "trending": true
  },
  {
    "id": 21,
    "title": "Gadgets Article 1",
    "description": "Short description of gadgets article 1.",
    "content": "Full content of gadgets article 1.",
    "image": "https://source.unsplash.com/600x400/?gadgets,1",
    "category": "gadgets",
    "featured": false,
    "trending": false
  },
  {
    "id": 22,
    "title": "Gadgets Article 2",
    "description": "Short description of gadgets article 2.",
    "content": "Full content of gadgets article 2.",
    "image": "https://source.unsplash.com/600x400/?gadgets,2",
    "category": "gadgets",
    "featured": false,
    "trending": true
  },
  {
    "id": 23,
    "title": "Gadgets Article 3",
    "description": "Short description of gadgets article 3.",
    "content": "Full content of gadgets article 3.",
    "image": "https://source.unsplash.com/600x400/?gadgets,3",
    "category": "gadgets",
    "featured": false,
    "trending": false
  },
  {
    "id": 24,
    "title": "Gadgets Article 4",
    "description": "Short description of gadgets article 4.",
    "content": "Full content of gadgets article 4.",
    "image": "https://source.unsplash.com/600x400/?gadgets,4",
    "category": "gadgets",
    "featured": false,
    "trending": true
  },
  {
    "id": 25,
    "title": "Gadgets Article 5",
    "description": "Short description of gadgets article 5.",
    "content": "Full content of gadgets article 5.",
    "image": "https://source.unsplash.com/600x400/?gadgets,5",
    "category": "gadgets",
    "featured": false,
    "trending": false
  },
  {
    "id": 26,
    "title": "Gadgets Article 6",
    "description": "Short description of gadgets article 6.",
    "content": "Full content of gadgets article 6.",
    "image": "https://source.unsplash.com/600x400/?gadgets,6",
    "category": "gadgets",
    "featured": false,
    "trending": true
  },
  {
    "id": 27,
    "title": "Gadgets Article 7",
    "description": "Short description of gadgets article 7.",
    "content": "Full content of gadgets article 7.",
    "image": "https://source.unsplash.com/600x400/?gadgets,7",
    "category": "gadgets",
    "featured": false,
    "trending": false
  },
  {
    "id": 28,
    "title": "Gadgets Article 8",
    "description": "Short description of gadgets article 8.",
    "content": "Full content of gadgets article 8.",
    "image": "https://source.unsplash.com/600x400/?gadgets,8",
    "category": "gadgets",
    "featured": false,
    "trending": true
  },
  {
    "id": 29,
    "title": "Gadgets Article 9",
    "description": "Short description of gadgets article 9.",
    "content": "Full content of gadgets article 9.",
    "image": "https://source.unsplash.com/600x400/?gadgets,9",
    "category": "gadgets",
    "featured": false,
    "trending": false
  },
  {
    "id": 30,
    "title": "Gadgets Article 10",
    "description": "Short description of gadgets article 10.",
    "content": "Full content of gadgets article 10.",
    "image": "https://source.unsplash.com/600x400/?gadgets,10",
    "category": "gadgets",
    "featured": false,
    "trending": true
  },
  {
    "id": 31,
    "title": "Technews Article 1",
    "description": "Short description of technews article 1.",
    "content": "Full content of technews article 1.",
    "image": "https://source.unsplash.com/600x400/?technews,1",
    "category": "technews",
    "featured": false,
    "trending": false
  },
  {
    "id": 32,
    "title": "Technews Article 2",
    "description": "Short description of technews article 2.",
    "content": "Full content of technews article 2.",
    "image": "https://source.unsplash.com/600x400/?technews,2",
    "category": "technews",
    "featured": false,
    "trending": true
  },
  {
    "id": 33,
    "title": "Technews Article 3",
    "description": "Short description of technews article 3.",
    "content": "Full content of technews article 3.",
    "image": "https://source.unsplash.com/600x400/?technews,3",
    "category": "technews",
    "featured": false,
    "trending": false
  },
  {
    "id": 34,
    "title": "Technews Article 4",
    "description": "Short description of technews article 4.",
    "content": "Full content of technews article 4.",
    "image": "https://source.unsplash.com/600x400/?technews,4",
    "category": "technews",
    "featured": false,
    "trending": true
  },
  {
    "id": 35,
    "title": "Technews Article 5",
    "description": "Short description of technews article 5.",
    "content": "Full content of technews article 5.",
    "image": "https://source.unsplash.com/600x400/?technews,5",
    "category": "technews",
    "featured": false,
    "trending": false
  },
  {
    "id": 36,
    "title": "Technews Article 6",
    "description": "Short description of technews article 6.",
    "content": "Full content of technews article 6.",
    "image": "https://source.unsplash.com/600x400/?technews,6",
    "category": "technews",
    "featured": false,
    "trending": true
  },
  {
    "id": 37,
    "title": "Technews Article 7",
    "description": "Short description of technews article 7.",
    "content": "Full content of technews article 7.",
    "image": "https://source.unsplash.com/600x400/?technews,7",
    "category": "technews",
    "featured": false,
    "trending": false
  },
  {
    "id": 38,
    "title": "Technews Article 8",
    "description": "Short description of technews article 8.",
    "content": "Full content of technews article 8.",
    "image": "https://source.unsplash.com/600x400/?technews,8",
    "category": "technews",
    "featured": false,
    "trending": true
  },
  {
    "id": 39,
    "title": "Technews Article 9",
    "description": "Short description of technews article 9.",
    "content": "Full content of technews article 9.",
    "image": "https://source.unsplash.com/600x400/?technews,9",
    "category": "technews",
    "featured": false,
    "trending": false
  },
  {
    "id": 40,
    "title": "Technews Article 10",
    "description": "Short description of technews article 10.",
    "content": "Full content of technews article 10.",
    "image": "https://source.unsplash.com/600x400/?technews,10",
    "category": "technews",
    "featured": false,
    "trending": true
  },
  {
    "id": 41,
    "title": "Blogs Article 1",
    "description": "Short description of blogs article 1.",
    "content": "Full content of blogs article 1.",
    "image": "https://source.unsplash.com/600x400/?blogs,1",
    "category": "blogs",
    "featured": false,
    "trending": false
  },
  {
    "id": 42,
    "title": "Blogs Article 2",
    "description": "Short description of blogs article 2.",
    "content": "Full content of blogs article 2.",
    "image": "https://source.unsplash.com/600x400/?blogs,2",
    "category": "blogs",
    "featured": false,
    "trending": true
  },
  {
    "id": 43,
    "title": "Blogs Article 3",
    "description": "Short description of blogs article 3.",
    "content": "Full content of blogs article 3.",
    "image": "https://source.unsplash.com/600x400/?blogs,3",
    "category": "blogs",
    "featured": false,
    "trending": false
  },
  {
    "id": 44,
    "title": "Blogs Article 4",
    "description": "Short description of blogs article 4.",
    "content": "Full content of blogs article 4.",
    "image": "https://source.unsplash.com/600x400/?blogs,4",
    "category": "blogs",
    "featured": false,
    "trending": true
  },
  {
    "id": 45,
    "title": "Blogs Article 5",
    "description": "Short description of blogs article 5.",
    "content": "Full content of blogs article 5.",
    "image": "https://source.unsplash.com/600x400/?blogs,5",
    "category": "blogs",
    "featured": false,
    "trending": false
  },
  {
    "id": 46,
    "title": "Blogs Article 6",
    "description": "Short description of blogs article 6.",
    "content": "Full content of blogs article 6.",
    "image": "https://source.unsplash.com/600x400/?blogs,6",
    "category": "blogs",
    "featured": false,
    "trending": true
  },
  {
    "id": 47,
    "title": "Blogs Article 7",
    "description": "Short description of blogs article 7.",
    "content": "Full content of blogs article 7.",
    "image": "https://source.unsplash.com/600x400/?blogs,7",
    "category": "blogs",
    "featured": false,
    "trending": false
  },
  {
    "id": 48,
    "title": "Blogs Article 8",
    "description": "Short description of blogs article 8.",
    "content": "Full content of blogs article 8.",
    "image": "https://source.unsplash.com/600x400/?blogs,8",
    "category": "blogs",
    "featured": false,
    "trending": true
  },
  {
    "id": 49,
    "title": "Blogs Article 9",
    "description": "Short description of blogs article 9.",
    "content": "Full content of blogs article 9.",
    "image": "https://source.unsplash.com/600x400/?blogs,9",
    "category": "blogs",
    "featured": false,
    "trending": false
  },
  {
    "id": 50,
    "title": "Blogs Article 10",
    "description": "Short description of blogs article 10.",
    "content": "Full content of blogs article 10.",
    "image": "https://source.unsplash.com/600x400/?blogs,10",
    "category": "blogs",
    "featured": false,
    "trending": true
  }
]